[
    {
        "id": "1234567890",
        "firstName": "joe",
        "lastName": "bob",
        "age": 22,
        "gender": "m"
    },
    {
        "id": "9012345678",
        "firstName": "jane",
        "lastName": "doe",
        "age": 22,
        "gender": "f"
    },
    {
        "id": "1231231231",
        "firstName": "jane",
        "lastName": "dillon",
        "age": 22,
        "gender": "f"
    },
    {
        "id": "1231234231",
        "firstName": "stacy",
        "lastName": "jane",
        "age": 27,
        "gender": "f"
    },
    {
        "id": "9012345671",
        "firstName": "jill",
        "lastName": "doe",
        "age": 27,
        "gender": "f"
    },
    {
        "id": "1244231231",
        "firstName": "jill",
        "lastName": "chill",
        "age": 12,
        "gender": "f"
    },
    {
        "id": "1231234551",
        "firstName": "stacy",
        "lastName": "macy",
        "age": 33,
        "gender": "f"
    },
    {
        "id": "1244230231",
        "firstName": "jake",
        "lastName": "lill",
        "age": 14,
        "gender": "m"
    },
    {
        "id": "1231233551",
        "firstName": "john",
        "lastName": "smith",
        "age": 33,
        "gender": "m"
    }
]